TargetId,SuiteId,CommitSha,TestStatus,EvidenceStatus,TestedAtUtc,LimitationCode,EvidenceReference
SQL2019-WINDOWS,RELEASE_GATE_ALL,,NOT_EXECUTED,REPORTED,,NOT_EXECUTED,
SQL2019-WINDOWS,SMOKE,,NOT_EXECUTED,REPORTED,,NOT_EXECUTED,
SQL2019-WINDOWS,PARAMETER_API,,NOT_EXECUTED,REPORTED,,NOT_EXECUTED,
SQL2019-WINDOWS,FILTER_OUTPUT,,NOT_EXECUTED,REPORTED,,NOT_EXECUTED,
SQL2019-WINDOWS,SPECIAL_CASE_API,,NOT_EXECUTED,REPORTED,,NOT_EXECUTED,
SQL2022-WINDOWS,RELEASE_GATE_ALL,,NOT_EXECUTED,REPORTED,,NOT_EXECUTED,
SQL2022-WINDOWS,SMOKE,,NOT_EXECUTED,REPORTED,,NOT_EXECUTED,
SQL2022-WINDOWS,PARAMETER_API,,NOT_EXECUTED,REPORTED,,NOT_EXECUTED,
SQL2022-WINDOWS,FILTER_OUTPUT,,NOT_EXECUTED,REPORTED,,NOT_EXECUTED,
SQL2022-WINDOWS,SPECIAL_CASE_API,,NOT_EXECUTED,REPORTED,,NOT_EXECUTED,
SQL2025-WINDOWS,RELEASE_GATE_ALL,,NOT_EXECUTED,REPORTED,,NOT_EXECUTED,
SQL2025-WINDOWS,SMOKE,,NOT_EXECUTED,REPORTED,,NOT_EXECUTED,
SQL2025-WINDOWS,PARAMETER_API,,NOT_EXECUTED,REPORTED,,NOT_EXECUTED,
SQL2025-WINDOWS,FILTER_OUTPUT,,NOT_EXECUTED,REPORTED,,NOT_EXECUTED,
SQL2025-WINDOWS,SPECIAL_CASE_API,,NOT_EXECUTED,REPORTED,,NOT_EXECUTED,
WINDOWS-SELF-HOSTED,WINDOWS_REPOSITORY_PORTABILITY,ebd40e3f2625907624e59a4084510c110d6b3073,PASS,INDEPENDENTLY_VERIFIED,2026-07-25T10:44:41Z,WINDOWS_TOOLCHAIN_POWERSHELL_PRIVACY_INSTALLER_LAB_STATIC,https://github.com/gecompat/SQL_Server_Analyze/actions/runs/30155009012
SQL2022-LINUX,RELEASE_GATE_ALL,8572c02ccec7b349d104ccf72a01489733fc03a7,PASS,INDEPENDENTLY_VERIFIED,2026-07-21T09:19:26Z,ACTIONS_SYNTHETIC_34_SUITES,https://github.com/gecompat/SQL_Server_Analyze/actions/runs/29817699733
SQL2022-LINUX,SMOKE,7e3ba1a4e2fa79761c2daf24bee23dd73feed297,PASS,INDEPENDENTLY_VERIFIED,2026-07-18T07:59:12Z,ACTIONS_SYNTHETIC_TARGET,https://github.com/gecompat/SQL_Server_Analyze/actions/runs/29636655029
SQL2022-LINUX,PARAMETER_API,7e3ba1a4e2fa79761c2daf24bee23dd73feed297,PASS,INDEPENDENTLY_VERIFIED,2026-07-18T07:59:12Z,ACTIONS_SYNTHETIC_TARGET,https://github.com/gecompat/SQL_Server_Analyze/actions/runs/29636655029
SQL2022-LINUX,FILTER_OUTPUT,7e3ba1a4e2fa79761c2daf24bee23dd73feed297,PASS,INDEPENDENTLY_VERIFIED,2026-07-18T07:59:12Z,ACTIONS_SYNTHETIC_TARGET,https://github.com/gecompat/SQL_Server_Analyze/actions/runs/29636655029
SQL2022-LINUX,SPECIAL_CASE_API,7e3ba1a4e2fa79761c2daf24bee23dd73feed297,PASS,INDEPENDENTLY_VERIFIED,2026-07-18T07:59:12Z,ACTIONS_SYNTHETIC_TARGET,https://github.com/gecompat/SQL_Server_Analyze/actions/runs/29636655029
SQL2019-LINUX,RELEASE_GATE_ALL,8572c02ccec7b349d104ccf72a01489733fc03a7,PASS,INDEPENDENTLY_VERIFIED,2026-07-21T09:19:12Z,ACTIONS_SYNTHETIC_34_SUITES,https://github.com/gecompat/SQL_Server_Analyze/actions/runs/29817699638
SQL2019-LINUX,SPECIAL_CASE_RUNTIME,7e3ba1a4e2fa79761c2daf24bee23dd73feed297,PASS_WITH_LIMITATIONS,INDEPENDENTLY_VERIFIED,2026-07-18T07:59:08Z,ACTIONS_SYNTHETIC_TARGET,https://github.com/gecompat/SQL_Server_Analyze/actions/runs/29636655031
SQL2019-LINUX,P0_RUNTIME,7e3ba1a4e2fa79761c2daf24bee23dd73feed297,PASS_WITH_LIMITATIONS,INDEPENDENTLY_VERIFIED,2026-07-18T07:59:08Z,ACTIONS_SYNTHETIC_P0,https://github.com/gecompat/SQL_Server_Analyze/actions/runs/29636655031
SQL2022-LINUX,SPECIAL_CASE_RUNTIME,7e3ba1a4e2fa79761c2daf24bee23dd73feed297,PASS_WITH_LIMITATIONS,INDEPENDENTLY_VERIFIED,2026-07-18T07:59:12Z,ACTIONS_SYNTHETIC_TARGET,https://github.com/gecompat/SQL_Server_Analyze/actions/runs/29636655029
SQL2022-LINUX,P0_RUNTIME,7e3ba1a4e2fa79761c2daf24bee23dd73feed297,PASS_WITH_LIMITATIONS,INDEPENDENTLY_VERIFIED,2026-07-18T07:59:12Z,ACTIONS_SYNTHETIC_P0,https://github.com/gecompat/SQL_Server_Analyze/actions/runs/29636655029
SQL2025-LINUX,RELEASE_GATE_ALL,8572c02ccec7b349d104ccf72a01489733fc03a7,PASS,INDEPENDENTLY_VERIFIED,2026-07-21T09:19:39Z,ACTIONS_SYNTHETIC_34_SUITES,https://github.com/gecompat/SQL_Server_Analyze/actions/runs/29817699655
SQL2025-LINUX,SPECIAL_CASE_RUNTIME,7e3ba1a4e2fa79761c2daf24bee23dd73feed297,PASS_WITH_LIMITATIONS,INDEPENDENTLY_VERIFIED,2026-07-18T07:59:29Z,ACTIONS_SYNTHETIC_TARGET,https://github.com/gecompat/SQL_Server_Analyze/actions/runs/29636655044
SQL2025-LINUX,P0_RUNTIME,7e3ba1a4e2fa79761c2daf24bee23dd73feed297,PASS_WITH_LIMITATIONS,INDEPENDENTLY_VERIFIED,2026-07-18T07:59:29Z,ACTIONS_SYNTHETIC_P0,https://github.com/gecompat/SQL_Server_Analyze/actions/runs/29636655044
SQL2025-LINUX,REGEX_MATRIX,7e3ba1a4e2fa79761c2daf24bee23dd73feed297,PASS,INDEPENDENTLY_VERIFIED,2026-07-18T07:59:29Z,ACTIONS_SYNTHETIC_REGEX_CONTRACT,https://github.com/gecompat/SQL_Server_Analyze/actions/runs/29636655044
SQL2019-LINUX,P1_IQP_RUNTIME,0efeb1877ffa6b31fc8deb714ac7659b40db7cd6,PASS_WITH_LIMITATIONS,INDEPENDENTLY_VERIFIED,2026-07-18T08:12:46Z,ACTIONS_SYNTHETIC_P1_IQP,https://github.com/gecompat/SQL_Server_Analyze/actions/runs/29637052716
SQL2022-LINUX,P1_IQP_RUNTIME,0efeb1877ffa6b31fc8deb714ac7659b40db7cd6,PASS_WITH_LIMITATIONS,INDEPENDENTLY_VERIFIED,2026-07-18T08:14:24Z,ACTIONS_SYNTHETIC_P1_IQP,https://github.com/gecompat/SQL_Server_Analyze/actions/runs/29637052706
SQL2025-LINUX,P1_IQP_RUNTIME,0efeb1877ffa6b31fc8deb714ac7659b40db7cd6,PASS_WITH_LIMITATIONS,INDEPENDENTLY_VERIFIED,2026-07-18T08:13:13Z,ACTIONS_SYNTHETIC_P1_IQP,https://github.com/gecompat/SQL_Server_Analyze/actions/runs/29637052726
SQL2019-LINUX,P1_CONTENTION_RUNTIME,e26f246e7b9e21b2d882ac69feaa32fb3f5f36c9,PASS_WITH_LIMITATIONS,INDEPENDENTLY_VERIFIED,2026-07-18T08:57:25Z,ACTIONS_SYNTHETIC_P1_CONTENTION_NO_FORCED_PAGE_WAIT,https://github.com/gecompat/SQL_Server_Analyze/actions/runs/29638311804
SQL2022-LINUX,P1_CONTENTION_RUNTIME,e26f246e7b9e21b2d882ac69feaa32fb3f5f36c9,PASS_WITH_LIMITATIONS,INDEPENDENTLY_VERIFIED,2026-07-18T08:57:35Z,ACTIONS_SYNTHETIC_P1_CONTENTION_NO_FORCED_PAGE_WAIT,https://github.com/gecompat/SQL_Server_Analyze/actions/runs/29638311795
SQL2025-LINUX,P1_CONTENTION_RUNTIME,e26f246e7b9e21b2d882ac69feaa32fb3f5f36c9,PASS_WITH_LIMITATIONS,INDEPENDENTLY_VERIFIED,2026-07-18T08:57:50Z,ACTIONS_SYNTHETIC_P1_CONTENTION_NO_FORCED_PAGE_WAIT,https://github.com/gecompat/SQL_Server_Analyze/actions/runs/29638311799
SQL2019-LINUX,P1_MEMORY_RUNTIME,d9d7c5bb4ffb5b9b408c1781718364d5c7ac89a8,PASS_WITH_LIMITATIONS,INDEPENDENTLY_VERIFIED,2026-07-18T09:13:33Z,ACTIONS_SYNTHETIC_P1_MEMORY_NO_FORCED_PRESSURE,https://github.com/gecompat/SQL_Server_Analyze/actions/runs/29638780765
SQL2022-LINUX,P1_MEMORY_RUNTIME,d9d7c5bb4ffb5b9b408c1781718364d5c7ac89a8,PASS_WITH_LIMITATIONS,INDEPENDENTLY_VERIFIED,2026-07-18T09:13:49Z,ACTIONS_SYNTHETIC_P1_MEMORY_NO_FORCED_PRESSURE,https://github.com/gecompat/SQL_Server_Analyze/actions/runs/29638780805
SQL2025-LINUX,P1_MEMORY_RUNTIME,d9d7c5bb4ffb5b9b408c1781718364d5c7ac89a8,PASS_WITH_LIMITATIONS,INDEPENDENTLY_VERIFIED,2026-07-18T09:14:02Z,ACTIONS_SYNTHETIC_P1_MEMORY_NO_FORCED_PRESSURE,https://github.com/gecompat/SQL_Server_Analyze/actions/runs/29638780802
SQL2019-LINUX,P1_BACKUP_RUNTIME,f3d9c014adb3227ab39e21e16052dca7285a6a87,PASS_WITH_LIMITATIONS,INDEPENDENTLY_VERIFIED,2026-07-18T09:37:34Z,ACTIONS_SYNTHETIC_P1_BACKUP_NO_RESTORE,https://github.com/gecompat/SQL_Server_Analyze/actions/runs/29639444935
SQL2022-LINUX,P1_BACKUP_RUNTIME,f3d9c014adb3227ab39e21e16052dca7285a6a87,PASS_WITH_LIMITATIONS,INDEPENDENTLY_VERIFIED,2026-07-18T09:37:49Z,ACTIONS_SYNTHETIC_P1_BACKUP_NO_RESTORE,https://github.com/gecompat/SQL_Server_Analyze/actions/runs/29639444931
SQL2025-LINUX,P1_BACKUP_RUNTIME,f3d9c014adb3227ab39e21e16052dca7285a6a87,PASS_WITH_LIMITATIONS,INDEPENDENTLY_VERIFIED,2026-07-18T09:38:00Z,ACTIONS_SYNTHETIC_P1_BACKUP_NO_RESTORE,https://github.com/gecompat/SQL_Server_Analyze/actions/runs/29639444942
SQL2019-LINUX,P1_SCHEMA_RUNTIME,c405946d7806472f42cfc38430d5ada33620780c,PASS_WITH_LIMITATIONS,INDEPENDENTLY_VERIFIED,2026-07-18T10:01:17Z,ACTIONS_SYNTHETIC_P1_SCHEMA_ROLLBACK_FREE_CLEANUP,https://github.com/gecompat/SQL_Server_Analyze/actions/runs/29640112460
SQL2022-LINUX,P1_SCHEMA_RUNTIME,c405946d7806472f42cfc38430d5ada33620780c,PASS_WITH_LIMITATIONS,INDEPENDENTLY_VERIFIED,2026-07-18T10:01:31Z,ACTIONS_SYNTHETIC_P1_SCHEMA_ROLLBACK_FREE_CLEANUP,https://github.com/gecompat/SQL_Server_Analyze/actions/runs/29640112513
SQL2025-LINUX,P1_SCHEMA_RUNTIME,c405946d7806472f42cfc38430d5ada33620780c,PASS_WITH_LIMITATIONS,INDEPENDENTLY_VERIFIED,2026-07-18T10:01:43Z,ACTIONS_SYNTHETIC_P1_SCHEMA_ROLLBACK_FREE_CLEANUP,https://github.com/gecompat/SQL_Server_Analyze/actions/runs/29640112494
SQL2019-LINUX,P1_STATISTICS_RUNTIME,f4bf1d4333e7f4a38814dea72a0799ca1d949364,PASS_WITH_LIMITATIONS,INDEPENDENTLY_VERIFIED,2026-07-18T12:34:18Z,ACTIONS_SYNTHETIC_P1_STATISTICS_BOUNDED,https://github.com/gecompat/SQL_Server_Analyze/actions/runs/29644565510
SQL2022-LINUX,P1_STATISTICS_RUNTIME,f4bf1d4333e7f4a38814dea72a0799ca1d949364,PASS_WITH_LIMITATIONS,INDEPENDENTLY_VERIFIED,2026-07-18T12:34:20Z,ACTIONS_SYNTHETIC_P1_STATISTICS_BOUNDED,https://github.com/gecompat/SQL_Server_Analyze/actions/runs/29644565475
SQL2025-LINUX,P1_STATISTICS_RUNTIME,f4bf1d4333e7f4a38814dea72a0799ca1d949364,PASS_WITH_LIMITATIONS,INDEPENDENTLY_VERIFIED,2026-07-18T12:34:19Z,ACTIONS_SYNTHETIC_P1_STATISTICS_BOUNDED,https://github.com/gecompat/SQL_Server_Analyze/actions/runs/29644565446
SQL2019-LINUX,P1_AVAILABILITY_RUNTIME,bdb8f66e20f015e7c563e6d3747144400897b281,PASS_WITH_LIMITATIONS,INDEPENDENTLY_VERIFIED,2026-07-18T14:24:51Z,ACTIONS_SYNTHETIC_P1_AVAILABILITY_NO_CLUSTER_MUTATION,https://github.com/gecompat/SQL_Server_Analyze/actions/runs/29647983342
SQL2019-LINUX,P1_AGENT_RUNTIME,bdb8f66e20f015e7c563e6d3747144400897b281,PASS_WITH_LIMITATIONS,INDEPENDENTLY_VERIFIED,2026-07-18T14:24:51Z,ACTIONS_SYNTHETIC_P1_AGENT_NO_MSDB_MUTATION,https://github.com/gecompat/SQL_Server_Analyze/actions/runs/29647983342
SQL2019-LINUX,P1_FINDINGS_RUNTIME,bdb8f66e20f015e7c563e6d3747144400897b281,PASS_WITH_LIMITATIONS,INDEPENDENTLY_VERIFIED,2026-07-18T14:24:51Z,ACTIONS_SYNTHETIC_P1_FINDINGS_RESTORED_CONTEXT,https://github.com/gecompat/SQL_Server_Analyze/actions/runs/29647983342
SQL2022-LINUX,P1_AVAILABILITY_RUNTIME,bdb8f66e20f015e7c563e6d3747144400897b281,PASS_WITH_LIMITATIONS,INDEPENDENTLY_VERIFIED,2026-07-18T14:24:51Z,ACTIONS_SYNTHETIC_P1_AVAILABILITY_NO_CLUSTER_MUTATION,https://github.com/gecompat/SQL_Server_Analyze/actions/runs/29647983333
SQL2022-LINUX,P1_AGENT_RUNTIME,bdb8f66e20f015e7c563e6d3747144400897b281,PASS_WITH_LIMITATIONS,INDEPENDENTLY_VERIFIED,2026-07-18T14:24:51Z,ACTIONS_SYNTHETIC_P1_AGENT_NO_MSDB_MUTATION,https://github.com/gecompat/SQL_Server_Analyze/actions/runs/29647983333
SQL2022-LINUX,P1_FINDINGS_RUNTIME,bdb8f66e20f015e7c563e6d3747144400897b281,PASS_WITH_LIMITATIONS,INDEPENDENTLY_VERIFIED,2026-07-18T14:24:51Z,ACTIONS_SYNTHETIC_P1_FINDINGS_RESTORED_CONTEXT,https://github.com/gecompat/SQL_Server_Analyze/actions/runs/29647983333
SQL2025-LINUX,P1_AVAILABILITY_RUNTIME,bdb8f66e20f015e7c563e6d3747144400897b281,PASS_WITH_LIMITATIONS,INDEPENDENTLY_VERIFIED,2026-07-18T14:24:51Z,ACTIONS_SYNTHETIC_P1_AVAILABILITY_NO_CLUSTER_MUTATION,https://github.com/gecompat/SQL_Server_Analyze/actions/runs/29647983330
SQL2025-LINUX,P1_AGENT_RUNTIME,bdb8f66e20f015e7c563e6d3747144400897b281,PASS_WITH_LIMITATIONS,INDEPENDENTLY_VERIFIED,2026-07-18T14:24:51Z,ACTIONS_SYNTHETIC_P1_AGENT_NO_MSDB_MUTATION,https://github.com/gecompat/SQL_Server_Analyze/actions/runs/29647983330
SQL2025-LINUX,P1_FINDINGS_RUNTIME,bdb8f66e20f015e7c563e6d3747144400897b281,PASS_WITH_LIMITATIONS,INDEPENDENTLY_VERIFIED,2026-07-18T14:24:51Z,ACTIONS_SYNTHETIC_P1_FINDINGS_RESTORED_CONTEXT,https://github.com/gecompat/SQL_Server_Analyze/actions/runs/29647983330
SQL2019-LINUX,P2_FEATURE_INVENTORY_RUNTIME,40d54fdc195b5cfa0015e2cbe281da595e427ab0,PASS_WITH_LIMITATIONS,INDEPENDENTLY_VERIFIED,2026-07-18T18:35:35Z,ACTIONS_SYNTHETIC_P2_FEATURE_INVENTORY_MIXED_FIXTURES,https://github.com/gecompat/SQL_Server_Analyze/actions/runs/29656121684
SQL2019-LINUX,P2_XTP_RUNTIME,40d54fdc195b5cfa0015e2cbe281da595e427ab0,PASS_WITH_LIMITATIONS,INDEPENDENTLY_VERIFIED,2026-07-18T18:35:35Z,ACTIONS_SYNTHETIC_P2_XTP_NO_FORCED_HASH_SCAN,https://github.com/gecompat/SQL_Server_Analyze/actions/runs/29656121684
SQL2019-LINUX,P2_TEMPORAL_RUNTIME,40d54fdc195b5cfa0015e2cbe281da595e427ab0,PASS_WITH_LIMITATIONS,INDEPENDENTLY_VERIFIED,2026-07-18T18:35:35Z,ACTIONS_SYNTHETIC_P2_TEMPORAL_NO_HISTORY_DATA,https://github.com/gecompat/SQL_Server_Analyze/actions/runs/29656121684
SQL2019-LINUX,P2_BROKER_RUNTIME,40d54fdc195b5cfa0015e2cbe281da595e427ab0,PASS_WITH_LIMITATIONS,INDEPENDENTLY_VERIFIED,2026-07-18T18:35:35Z,ACTIONS_SYNTHETIC_P2_BROKER_NO_PAYLOAD,https://github.com/gecompat/SQL_Server_Analyze/actions/runs/29656121684
SQL2019-LINUX,P2_FULLTEXT_RUNTIME,40d54fdc195b5cfa0015e2cbe281da595e427ab0,PASS_WITH_LIMITATIONS,INDEPENDENTLY_VERIFIED,2026-07-18T18:35:35Z,ACTIONS_SYNTHETIC_P2_FULLTEXT_NO_LINUX_DDL,https://github.com/gecompat/SQL_Server_Analyze/actions/runs/29656121684
SQL2019-LINUX,P2_DATA_CAPTURE_RUNTIME,40d54fdc195b5cfa0015e2cbe281da595e427ab0,PASS_WITH_LIMITATIONS,INDEPENDENTLY_VERIFIED,2026-07-18T18:35:35Z,ACTIONS_SYNTHETIC_P2_DATA_CAPTURE_NO_PAYLOAD,https://github.com/gecompat/SQL_Server_Analyze/actions/runs/29656121684
SQL2019-LINUX,P2_ENCRYPTION_RUNTIME,40d54fdc195b5cfa0015e2cbe281da595e427ab0,PASS_WITH_LIMITATIONS,INDEPENDENTLY_VERIFIED,2026-07-18T18:35:35Z,ACTIONS_SYNTHETIC_P2_ENCRYPTION_NO_SECRETS,https://github.com/gecompat/SQL_Server_Analyze/actions/runs/29656121684
SQL2019-LINUX,P2_MAINTENANCE_RUNTIME,40d54fdc195b5cfa0015e2cbe281da595e427ab0,PASS_WITH_LIMITATIONS,INDEPENDENTLY_VERIFIED,2026-07-18T18:35:35Z,ACTIONS_SYNTHETIC_P2_MAINTENANCE_READ_ONLY,https://github.com/gecompat/SQL_Server_Analyze/actions/runs/29656121684
SQL2022-LINUX,P2_FEATURE_INVENTORY_RUNTIME,40d54fdc195b5cfa0015e2cbe281da595e427ab0,PASS_WITH_LIMITATIONS,INDEPENDENTLY_VERIFIED,2026-07-18T18:35:51Z,ACTIONS_SYNTHETIC_P2_FEATURE_INVENTORY_MIXED_FIXTURES,https://github.com/gecompat/SQL_Server_Analyze/actions/runs/29656121674
SQL2022-LINUX,P2_XTP_RUNTIME,40d54fdc195b5cfa0015e2cbe281da595e427ab0,PASS_WITH_LIMITATIONS,INDEPENDENTLY_VERIFIED,2026-07-18T18:35:51Z,ACTIONS_SYNTHETIC_P2_XTP_NO_FORCED_HASH_SCAN,https://github.com/gecompat/SQL_Server_Analyze/actions/runs/29656121674
SQL2022-LINUX,P2_TEMPORAL_RUNTIME,40d54fdc195b5cfa0015e2cbe281da595e427ab0,PASS_WITH_LIMITATIONS,INDEPENDENTLY_VERIFIED,2026-07-18T18:35:51Z,ACTIONS_SYNTHETIC_P2_TEMPORAL_NO_HISTORY_DATA,https://github.com/gecompat/SQL_Server_Analyze/actions/runs/29656121674
SQL2022-LINUX,P2_BROKER_RUNTIME,40d54fdc195b5cfa0015e2cbe281da595e427ab0,PASS_WITH_LIMITATIONS,INDEPENDENTLY_VERIFIED,2026-07-18T18:35:51Z,ACTIONS_SYNTHETIC_P2_BROKER_NO_PAYLOAD,https://github.com/gecompat/SQL_Server_Analyze/actions/runs/29656121674
SQL2022-LINUX,P2_FULLTEXT_RUNTIME,40d54fdc195b5cfa0015e2cbe281da595e427ab0,PASS_WITH_LIMITATIONS,INDEPENDENTLY_VERIFIED,2026-07-18T18:35:51Z,ACTIONS_SYNTHETIC_P2_FULLTEXT_NO_LINUX_DDL,https://github.com/gecompat/SQL_Server_Analyze/actions/runs/29656121674
SQL2022-LINUX,P2_DATA_CAPTURE_RUNTIME,40d54fdc195b5cfa0015e2cbe281da595e427ab0,PASS_WITH_LIMITATIONS,INDEPENDENTLY_VERIFIED,2026-07-18T18:35:51Z,ACTIONS_SYNTHETIC_P2_DATA_CAPTURE_NO_PAYLOAD,https://github.com/gecompat/SQL_Server_Analyze/actions/runs/29656121674
SQL2022-LINUX,P2_ENCRYPTION_RUNTIME,40d54fdc195b5cfa0015e2cbe281da595e427ab0,PASS_WITH_LIMITATIONS,INDEPENDENTLY_VERIFIED,2026-07-18T18:35:51Z,ACTIONS_SYNTHETIC_P2_ENCRYPTION_NO_SECRETS,https://github.com/gecompat/SQL_Server_Analyze/actions/runs/29656121674
SQL2022-LINUX,P2_MAINTENANCE_RUNTIME,40d54fdc195b5cfa0015e2cbe281da595e427ab0,PASS_WITH_LIMITATIONS,INDEPENDENTLY_VERIFIED,2026-07-18T18:35:51Z,ACTIONS_SYNTHETIC_P2_MAINTENANCE_READ_ONLY,https://github.com/gecompat/SQL_Server_Analyze/actions/runs/29656121674
SQL2025-LINUX,P2_FEATURE_INVENTORY_RUNTIME,40d54fdc195b5cfa0015e2cbe281da595e427ab0,PASS_WITH_LIMITATIONS,INDEPENDENTLY_VERIFIED,2026-07-18T18:36:02Z,ACTIONS_SYNTHETIC_P2_FEATURE_INVENTORY_MIXED_FIXTURES,https://github.com/gecompat/SQL_Server_Analyze/actions/runs/29656121672
SQL2025-LINUX,P2_XTP_RUNTIME,40d54fdc195b5cfa0015e2cbe281da595e427ab0,PASS_WITH_LIMITATIONS,INDEPENDENTLY_VERIFIED,2026-07-18T18:36:02Z,ACTIONS_SYNTHETIC_P2_XTP_NO_FORCED_HASH_SCAN,https://github.com/gecompat/SQL_Server_Analyze/actions/runs/29656121672
SQL2025-LINUX,P2_TEMPORAL_RUNTIME,40d54fdc195b5cfa0015e2cbe281da595e427ab0,PASS_WITH_LIMITATIONS,INDEPENDENTLY_VERIFIED,2026-07-18T18:36:02Z,ACTIONS_SYNTHETIC_P2_TEMPORAL_NO_HISTORY_DATA,https://github.com/gecompat/SQL_Server_Analyze/actions/runs/29656121672
SQL2025-LINUX,P2_BROKER_RUNTIME,40d54fdc195b5cfa0015e2cbe281da595e427ab0,PASS_WITH_LIMITATIONS,INDEPENDENTLY_VERIFIED,2026-07-18T18:36:02Z,ACTIONS_SYNTHETIC_P2_BROKER_NO_PAYLOAD,https://github.com/gecompat/SQL_Server_Analyze/actions/runs/29656121672
SQL2025-LINUX,P2_FULLTEXT_RUNTIME,40d54fdc195b5cfa0015e2cbe281da595e427ab0,PASS_WITH_LIMITATIONS,INDEPENDENTLY_VERIFIED,2026-07-18T18:36:02Z,ACTIONS_SYNTHETIC_P2_FULLTEXT_NO_LINUX_DDL,https://github.com/gecompat/SQL_Server_Analyze/actions/runs/29656121672
SQL2025-LINUX,P2_DATA_CAPTURE_RUNTIME,40d54fdc195b5cfa0015e2cbe281da595e427ab0,PASS_WITH_LIMITATIONS,INDEPENDENTLY_VERIFIED,2026-07-18T18:36:02Z,ACTIONS_SYNTHETIC_P2_DATA_CAPTURE_NO_PAYLOAD,https://github.com/gecompat/SQL_Server_Analyze/actions/runs/29656121672
SQL2025-LINUX,P2_ENCRYPTION_RUNTIME,40d54fdc195b5cfa0015e2cbe281da595e427ab0,PASS_WITH_LIMITATIONS,INDEPENDENTLY_VERIFIED,2026-07-18T18:36:02Z,ACTIONS_SYNTHETIC_P2_ENCRYPTION_NO_SECRETS,https://github.com/gecompat/SQL_Server_Analyze/actions/runs/29656121672
SQL2025-LINUX,P2_MAINTENANCE_RUNTIME,40d54fdc195b5cfa0015e2cbe281da595e427ab0,PASS_WITH_LIMITATIONS,INDEPENDENTLY_VERIFIED,2026-07-18T18:36:02Z,ACTIONS_SYNTHETIC_P2_MAINTENANCE_READ_ONLY,https://github.com/gecompat/SQL_Server_Analyze/actions/runs/29656121672
SQL2019-LINUX,TABLE_OUTPUT_RUNTIME,53fe82d57e6d3d53b5a16ec1c220ccb98c2050f8,PASS,INDEPENDENTLY_VERIFIED,2026-07-20T11:31:03Z,ACTIONS_SYNTHETIC_NAMED_TABLE,https://github.com/gecompat/SQL_Server_Analyze/actions/runs/29738745942
SQL2019-LINUX,FRAMEWORK_OUTPUT_PILOT,53fe82d57e6d3d53b5a16ec1c220ccb98c2050f8,PASS,INDEPENDENTLY_VERIFIED,2026-07-20T11:31:03Z,ACTIONS_SYNTHETIC_OUTPUT_PILOT,https://github.com/gecompat/SQL_Server_Analyze/actions/runs/29738745942
SQL2019-LINUX,FRAMEWORK_OUTPUT_RUNTIME,53fe82d57e6d3d53b5a16ec1c220ccb98c2050f8,PASS,INDEPENDENTLY_VERIFIED,2026-07-20T11:31:03Z,ACTIONS_SYNTHETIC_FRAMEWORK_OUTPUT,https://github.com/gecompat/SQL_Server_Analyze/actions/runs/29738745942
SQL2022-LINUX,TABLE_OUTPUT_RUNTIME,53fe82d57e6d3d53b5a16ec1c220ccb98c2050f8,PASS,INDEPENDENTLY_VERIFIED,2026-07-20T11:31:15Z,ACTIONS_SYNTHETIC_NAMED_TABLE,https://github.com/gecompat/SQL_Server_Analyze/actions/runs/29738745932
SQL2022-LINUX,FRAMEWORK_OUTPUT_PILOT,53fe82d57e6d3d53b5a16ec1c220ccb98c2050f8,PASS,INDEPENDENTLY_VERIFIED,2026-07-20T11:31:15Z,ACTIONS_SYNTHETIC_OUTPUT_PILOT,https://github.com/gecompat/SQL_Server_Analyze/actions/runs/29738745932
SQL2022-LINUX,FRAMEWORK_OUTPUT_RUNTIME,53fe82d57e6d3d53b5a16ec1c220ccb98c2050f8,PASS,INDEPENDENTLY_VERIFIED,2026-07-20T11:31:15Z,ACTIONS_SYNTHETIC_FRAMEWORK_OUTPUT,https://github.com/gecompat/SQL_Server_Analyze/actions/runs/29738745932
SQL2025-LINUX,TABLE_OUTPUT_RUNTIME,53fe82d57e6d3d53b5a16ec1c220ccb98c2050f8,PASS,INDEPENDENTLY_VERIFIED,2026-07-20T11:31:30Z,ACTIONS_SYNTHETIC_NAMED_TABLE,https://github.com/gecompat/SQL_Server_Analyze/actions/runs/29738746060
SQL2025-LINUX,FRAMEWORK_OUTPUT_PILOT,53fe82d57e6d3d53b5a16ec1c220ccb98c2050f8,PASS,INDEPENDENTLY_VERIFIED,2026-07-20T11:31:30Z,ACTIONS_SYNTHETIC_OUTPUT_PILOT,https://github.com/gecompat/SQL_Server_Analyze/actions/runs/29738746060
SQL2025-LINUX,FRAMEWORK_OUTPUT_RUNTIME,53fe82d57e6d3d53b5a16ec1c220ccb98c2050f8,PASS,INDEPENDENTLY_VERIFIED,2026-07-20T11:31:30Z,ACTIONS_SYNTHETIC_FRAMEWORK_OUTPUT,https://github.com/gecompat/SQL_Server_Analyze/actions/runs/29738746060
SQL2019-LINUX,WAVE1_OUTPUT_XML_VERSION_RUNTIME,8572c02ccec7b349d104ccf72a01489733fc03a7,PASS,INDEPENDENTLY_VERIFIED,2026-07-21T09:19:12Z,ACTIONS_SYNTHETIC_WAVE1_CONTRACT,https://github.com/gecompat/SQL_Server_Analyze/actions/runs/29817699638
SQL2022-LINUX,WAVE1_OUTPUT_XML_VERSION_RUNTIME,8572c02ccec7b349d104ccf72a01489733fc03a7,PASS,INDEPENDENTLY_VERIFIED,2026-07-21T09:19:26Z,ACTIONS_SYNTHETIC_WAVE1_CONTRACT,https://github.com/gecompat/SQL_Server_Analyze/actions/runs/29817699733
SQL2025-LINUX,WAVE1_OUTPUT_XML_VERSION_RUNTIME,8572c02ccec7b349d104ccf72a01489733fc03a7,PASS,INDEPENDENTLY_VERIFIED,2026-07-21T09:19:39Z,ACTIONS_SYNTHETIC_WAVE1_CONTRACT,https://github.com/gecompat/SQL_Server_Analyze/actions/runs/29817699655
SQL2019-LINUX,WAVE2_OPERATIONAL_DIAGNOSTICS_RUNTIME,8572c02ccec7b349d104ccf72a01489733fc03a7,PASS,INDEPENDENTLY_VERIFIED,2026-07-21T09:19:12Z,ACTIONS_SYNTHETIC_WAVE2_CONTRACT,https://github.com/gecompat/SQL_Server_Analyze/actions/runs/29817699638
SQL2022-LINUX,WAVE2_OPERATIONAL_DIAGNOSTICS_RUNTIME,8572c02ccec7b349d104ccf72a01489733fc03a7,PASS,INDEPENDENTLY_VERIFIED,2026-07-21T09:19:26Z,ACTIONS_SYNTHETIC_WAVE2_CONTRACT,https://github.com/gecompat/SQL_Server_Analyze/actions/runs/29817699733
SQL2025-LINUX,WAVE2_OPERATIONAL_DIAGNOSTICS_RUNTIME,8572c02ccec7b349d104ccf72a01489733fc03a7,PASS,INDEPENDENTLY_VERIFIED,2026-07-21T09:19:39Z,ACTIONS_SYNTHETIC_WAVE2_CONTRACT,https://github.com/gecompat/SQL_Server_Analyze/actions/runs/29817699655
